<?xml version="1.0" encoding="utf-8"?>
<Authors>
	<Student>
		<StudentId>1</StudentId>
		<StudentName>Allu Arjun</StudentName>
		<DoB>21/04/1993</DoB>
		<ClassName>Section 73</ClassName>
		<TeamLeader>Yes</TeamLeader>
	</Student>
	
	<Student>
		<StudentId>2</StudentId>
		<StudentName>Ram Charan</StudentName>
		<DoB>09/05/1994</DoB>
		<ClassName>Section 108</ClassName>
		<TeamLeader>No</TeamLeader>
	</Student>
	
	<Student>
		<StudentId>3</StudentId>
		<StudentName>Samantha P</StudentName>
		<DoB>10/06/1995</DoB>
		<ClassName>Section 69</ClassName>
		<TeamLeader>No</TeamLeader>
	</Student>
</Authors>