<?xml version="1.0" encoding="UTF-8"?>
<project-private xmlns="http://www.netbeans.org/ns/project-private/1">
    <editor-bookmarks xmlns="http://www.netbeans.org/ns/editor-bookmarks/2" lastBookmarkId="0"/>
    <open-files xmlns="http://www.netbeans.org/ns/projectui-open-files/2">
        <group>
            <file>file:/C:\xampp\htdocs\Watch Store/styles/products.css</file>
            <file>file:/C:\xampp\htdocs\Watch Store/styles/login.css</file>
            <file>file:/C:\xampp\htdocs\Watch Store/data/configure.php</file>
            <file>file:/C:\xampp\htdocs\Watch Store/styles/contact.css</file>
            <file>file:/C:\xampp\htdocs\Watch Store/ultility/productultilities.php</file>
            <file>file:/C:\xampp\htdocs\Watch Store/ultility/userultilities.php</file>
            <file>file:/C:\xampp\htdocs\Watch Store/search.php</file>
            <file>file:/C:\xampp\htdocs\Watch Store/data/dbconnect.php</file>
            <file>file:/C:\xampp\htdocs\Watch Store/logout.php</file>
            <file>file:/C:\xampp\htdocs\Watch Store/admincontrol.php</file>
            <file>file:/C:\xampp\htdocs\Watch Store/usercontrolGuest.php</file>
            <file>file:/C:\xampp\htdocs\Watch Store/contact.php</file>
            <file>file:/C:\xampp\htdocs\Watch Store/.gitattributes</file>
            <file>file:/C:\xampp\htdocs\Watch Store/styles/watches.css</file>
            <file>file:/C:\xampp\htdocs\Watch Store/userdetails.php</file>
            <file>file:/C:\xampp\htdocs\Watch Store/guestcart.php</file>
            <file>file:/C:\xampp\htdocs\Watch Store/styles/site.css</file>
            <file>file:/C:\xampp\htdocs\Watch Store/styles/guestcart.css</file>
            <file>file:/C:\xampp\htdocs\Watch Store/Templates/leftmenu.php</file>
            <file>file:/C:\xampp\htdocs\Watch Store/products.php</file>
            <file>file:/C:\xampp\htdocs\Watch Store/usersmanager.php</file>
            <file>file:/C:\xampp\htdocs\Watch Store/watches.php</file>
            <file>file:/C:\xampp\htdocs\Watch Store/ultility/orderultilities.php</file>
            <file>file:/C:\xampp\htdocs\Watch Store/ordersmanager.php</file>
            <file>file:/C:\xampp\htdocs\Watch Store/404.php</file>
            <file>file:/C:\xampp\htdocs\Watch Store/styles/usercontrolGuest.css</file>
            <file>file:/C:\xampp\htdocs\Watch Store/Templates/topmenu.php</file>
            <file>file:/C:\xampp\htdocs\Watch Store/index.php</file>
            <file>file:/C:\xampp\htdocs\Watch Store/productsmanager.php</file>
            <file>file:/C:\xampp\htdocs\Watch Store/login.php</file>
            <file>file:/C:\xampp\htdocs\Watch Store/register.php</file>
            <file>file:/C:\xampp\htdocs\Watch Store/styles/register.css</file>
            <file>file:/C:\xampp\htdocs\Watch Store/orderdetails.php</file>
            <file>file:/C:\xampp\htdocs\Watch Store/Templates/footer.php</file>
            <file>file:/C:\xampp\htdocs\Watch Store/javascript.js</file>
        </group>
    </open-files>
</project-private>
